조합원상태,성별,연령,배송서비스신청여부,모바일알람여부,Gold_member,주소대분류,프로모션여부,연령대,R,F,M,R_score,M_score,F_score,RFM_score,RFM_rank,주매장,이탈여부,최소재구매주기,재구매여부,5개월이내재구매
정상회원,여,76,신청,미수신,normal,용인 수지구,0,70대,2,26,402910,5,2,3,3.3,포미패밀리,매장C,정상,2,1,1
정상회원,여,59,미신청,미수신,normal,용인 수지구,0,50대,43,6,149994,4,1,2,2.3,포미초대손님,매장C,정상,2,1,1
정상회원,여,37,미신청,미수신,normal,기타,0,30대,6,1,8806,5,1,1,2.2,포미초대손님,매장A,정상,0,0,0
정상회원,여,59,미신청,미수신,normal,용인 수지구,0,50대,19,12,132954,4,1,2,2.3,포미초대손님,매장A,정상,4,1,1
정상회원,여,49,미신청,미수신,normal,기타,0,40대,174,1,31205,2,1,1,1.3,포미방문자,매장B,잠재이탈,0,0,0
탈퇴,여,80,미신청,미수신,normal,성남 분당구,0,80대,224,1,18953,1,1,1,1,포미방문자,매장A,이탈,0,0,0
정상회원,여,34,신청,미수신,normal,용인 기흥구,0,30대,7,28,793058,5,3,3,3.6,포미패밀리,매장A,정상,1,1,1
정상회원,여,42,미신청,미수신,normal,용인 수지구,0,40대,1,7,108834,5,1,2,2.6,포미프렌즈,매장A,정상,9,1,1
정상회원,여,57,미신청,수신,normal,수원 영통구,0,50대,33,2,31779,4,1,2,2.3,포미초대손님,매장D,정상,80,0,0
정상회원,여,70,미신청,미수신,normal,용인 수지구,0,70대,39,11,123671,4,1,2,2.3,포미초대손님,매장C,정상,2,1,1
탈퇴,여,63,미신청,미수신,normal,서울 송파구,0,60대,221,1,13018,1,1,1,1,포미방문자,매장B,이탈,0,0,0
정상회원,여,55,미신청,미수신,normal,용인 수지구,0,50대,12,1,8423,5,1,1,2.2,포미초대손님,매장A,정상,0,0,0
정상회원,여,41,미신청,수신,VIP,용인 수지구,1,40대,0,106,3846152,5,5,5,5,포미킹,매장C,정상,1,1,1
정상회원,여,68,미신청,미수신,normal,성남 분당구,0,60대,90,1,45946,3,1,1,1.6,포미방문자,매장B,정상,0,0,0
정상회원,여,60,미신청,미수신,normal,용인 수지구,0,60대,66,2,22590,3,1,2,2,포미초대손님,매장C,정상,80,0,0
정상회원,여,52,신청,미수신,normal,용인 수지구,0,50대,40,16,885377,4,3,2,2.9,포미프렌즈,매장A,정상,1,1,1
정상회원,여,50,미신청,미수신,normal,성남 분당구,0,50대,152,1,3637,2,1,1,1.3,포미방문자,매장B,잠재이탈,0,0,0
정상회원,여,64,미신청,미수신,normal,성남 분당구,0,60대,232,1,5743,1,1,1,1,포미방문자,매장B,잠재이탈,0,0,0
정상회원,여,62,미신청,미수신,normal,성남 분당구,0,60대,28,2,46424,4,1,2,2.3,포미초대손님,매장D,정상,38,0,0
탈퇴,여,53,미신청,미수신,normal,용인 수지구,0,50대,205,2,40585,1,1,2,1.4,포미방문자,매장A,이탈,54,0,0
정상회원,여,53,미신청,미수신,normal,용인 수지구,0,50대,6,8,82989,5,1,2,2.6,포미프렌즈,매장C,정상,2,1,1
정상회원,여,40,미신청,미수신,normal,용인 수지구,0,40대,2,18,194888,5,1,3,3,포미프렌즈,매장A,정상,3,1,1
정상회원,여,54,신청,미수신,normal,기타,0,50대,7,12,824919,5,3,2,3.2,포미프렌즈,매장A,정상,7,1,1
정상회원,여,46,미신청,미수신,normal,용인 수지구,1,40대,132,9,75524,2,1,2,1.7,포미방문자,매장C,정상,7,1,1
정상회원,여,39,미신청,미수신,normal,용인 수지구,0,30대,107,3,34268,3,1,2,2,포미초대손님,매장B,정상,26,0,0
정상회원,여,48,미신청,미수신,normal,기타,0,40대,187,1,55518,2,1,1,1.3,포미방문자,매장C,잠재이탈,0,0,0
정상회원,여,43,미신청,미수신,normal,성남 분당구,0,40대,18,1,13401,4,1,1,1.9,포미방문자,매장C,정상,0,0,0
정상회원,여,64,미신청,미수신,normal,용인 처인구,1,60대,69,2,24025,3,1,2,2,포미초대손님,매장C,정상,41,0,0
정상회원,여,72,미신청,미수신,normal,용인 수지구,0,70대,1,56,1454185,5,4,4,4.3,포미킹,매장C,정상,1,1,1
정상회원,여,66,미신청,미수신,VIP,용인 수지구,0,60대,0,102,2786187,5,5,5,5,포미킹,매장C,정상,1,1,1
정상회원,여,41,미신청,미수신,normal,성남 분당구,0,40대,51,9,260131,3,1,2,2,포미방문자,매장A,정상,3,1,1
정상회원,여,41,미신청,미수신,normal,용인 수지구,0,40대,29,9,228408,4,1,2,2.3,포미초대손님,매장D,정상,9,1,1
정상회원,여,81,미신청,미수신,normal,용인 수지구,0,80대,2,38,1244179,5,4,3,3.9,포미패밀리,매장D,정상,1,1,1
정상회원,여,34,미신청,미수신,normal,수원 영통구,0,30대,18,4,87105,4,1,2,2.3,포미초대손님,매장D,정상,4,1,1
정상회원,여,48,미신청,미수신,normal,용인 수지구,0,40대,13,9,320385,5,2,2,2.9,포미프렌즈,매장C,정상,2,1,1
정상회원,여,43,미신청,미수신,normal,용인 수지구,0,40대,13,7,248600,5,1,2,2.6,포미초대손님,매장C,정상,5,1,1
정상회원,여,48,미신청,미수신,normal,용인 수지구,0,40대,72,14,135349,3,1,2,2,포미초대손님,매장A,정상,1,1,1
정상회원,여,56,미신청,수신,normal,용인 수지구,0,50대,7,7,158705,5,1,2,2.6,포미초대손님,매장B,정상,16,0,0
정상회원,여,48,미신청,미수신,normal,성남 분당구,0,40대,160,1,26802,2,1,1,1.3,포미방문자,매장B,잠재이탈,0,0,0
정상회원,남,77,미신청,미수신,normal,용인 기흥구,0,70대,274,2,46521,1,1,2,1.4,포미방문자,매장B,잠재이탈,25,0,0
정상회원,여,49,미신청,수신,normal,용인 수지구,0,40대,0,48,857810,5,3,4,4,포미패밀리,매장C,정상,1,1,1
정상회원,여,42,미신청,수신,normal,용인 수지구,0,40대,0,50,994534,5,3,4,4,포미패밀리,매장D,정상,1,1,1
정상회원,여,46,미신청,미수신,normal,용인 수지구,0,40대,39,3,77437,4,1,2,2.3,포미초대손님,매장A,정상,48,0,0
정상회원,여,46,신청,미수신,normal,용인 수지구,0,40대,7,17,553835,5,2,3,3.3,포미프렌즈,매장C,정상,3,1,1
정상회원,여,42,미신청,미수신,normal,용인 수지구,0,40대,30,2,13209,4,1,2,2.3,포미초대손님,매장A,정상,4,1,1
정상회원,여,58,미신청,수신,normal,용인 수지구,0,50대,6,41,906956,5,3,4,4,포미패밀리,매장C,정상,1,1,1
정상회원,여,27,미신청,미수신,normal,용인 기흥구,0,20대,56,1,66622,3,1,1,1.6,포미방문자,매장B,정상,0,0,0
정상회원,여,62,미신청,미수신,normal,용인 수지구,0,60대,17,7,97350,4,1,2,2.3,포미초대손님,매장B,정상,10,1,1
정상회원,여,43,미신청,미수신,normal,용인 수지구,0,40대,61,1,10625,3,1,1,1.6,포미방문자,매장C,정상,0,0,0
정상회원,여,50,미신청,미수신,normal,서울 강남구,0,50대,30,2,218051,4,1,2,2.3,포미초대손님,매장D,정상,128,0,0
정상회원,여,66,미신청,미수신,normal,기타,0,60대,233,1,4595,1,1,1,1,포미방문자,매장C,잠재이탈,0,0,0
정상회원,여,77,신청,미수신,normal,용인 수지구,0,70대,12,25,622303,5,3,3,3.6,포미패밀리,매장C,정상,1,1,1
정상회원,여,43,신청,미수신,normal,용인 수지구,0,40대,25,10,523399,4,2,2,2.6,포미프렌즈,매장B,정상,5,1,1
정상회원,여,39,미신청,수신,normal,용인 기흥구,0,30대,94,1,20293,3,1,1,1.6,포미방문자,매장B,정상,0,0,0
정상회원,여,55,미신청,미수신,normal,용인 수지구,0,50대,23,41,1394165,4,4,4,4,포미패밀리,매장C,정상,1,1,1
탈퇴,여,38,미신청,미수신,normal,용인 수지구,0,30대,261,6,67577,1,1,2,1.4,포미방문자,매장C,이탈,5,1,0
정상회원,여,47,신청,미수신,normal,용인 수지구,0,40대,12,28,585617,5,2,3,3.3,포미프렌즈,매장C,정상,1,1,1
정상회원,여,51,미신청,미수신,normal,용인 수지구,0,50대,20,9,118312,4,1,2,2.3,포미초대손님,매장C,정상,10,1,1
정상회원,여,65,미신청,미수신,normal,기타,0,60대,46,1,1914,4,1,1,1.9,포미방문자,매장C,정상,0,0,0
정상회원,여,32,미신청,수신,normal,용인 수지구,0,30대,92,13,216230,3,1,2,2,포미초대손님,매장B,정상,1,1,1
정상회원,여,64,미신청,미수신,normal,용인 기흥구,0,60대,47,1,19718,4,1,1,1.9,포미방문자,매장C,정상,0,0,0
정상회원,여,44,미신청,미수신,normal,용인 수지구,1,40대,29,4,68344,4,1,2,2.3,포미초대손님,매장A,정상,34,0,0
정상회원,남,64,미신청,미수신,normal,용인 수지구,0,60대,20,20,428293,4,2,3,3,포미프렌즈,매장D,정상,1,1,1
정상회원,여,47,신청,미수신,normal,용인 수지구,0,40대,0,19,687177,5,3,3,3.6,포미패밀리,매장C,정상,1,1,1
정상회원,여,48,미신청,미수신,normal,용인 수지구,0,40대,41,7,100408,4,1,2,2.3,포미초대손님,매장B,정상,9,1,1
정상회원,여,57,미신청,미수신,normal,용인 수지구,0,50대,265,2,90744,1,1,2,1.4,포미방문자,매장C,잠재이탈,2,1,0
정상회원,여,42,미신청,미수신,normal,용인 기흥구,0,40대,120,1,54944,2,1,1,1.3,포미방문자,매장D,정상,0,0,0
정상회원,남,71,미신청,미수신,normal,기타,0,70대,34,1,14550,4,1,1,1.9,포미방문자,매장A,정상,0,0,0
정상회원,여,42,미신청,미수신,normal,용인 수지구,0,40대,69,14,210009,3,1,2,2,포미초대손님,매장C,정상,1,1,1
정상회원,여,38,미신청,미수신,normal,기타,0,30대,42,5,96487,4,1,2,2.3,포미초대손님,매장D,정상,1,1,1
정상회원,여,62,미신청,미수신,normal,용인 수지구,0,60대,6,23,337780,5,2,3,3.3,포미패밀리,매장D,정상,1,1,1
탈퇴,여,39,미신청,미수신,normal,하남,0,30대,122,1,4020,2,1,1,1.3,포미방문자,매장D,이탈,0,0,0
정상회원,여,53,미신청,미수신,normal,용인 수지구,0,50대,171,2,95338,2,1,2,1.7,포미방문자,매장A,잠재이탈,104,0,0
정상회원,여,57,미신청,미수신,normal,용인 수지구,0,50대,1,4,23739,5,1,2,2.6,포미프렌즈,매장A,정상,7,1,1
정상회원,여,66,미신청,미수신,normal,용인 수지구,0,60대,13,34,383837,5,2,3,3.3,포미패밀리,매장C,정상,1,1,1
정상회원,여,48,미신청,미수신,normal,용인 수지구,0,40대,211,1,25270,1,1,1,1,포미방문자,매장A,잠재이탈,0,0,0
정상회원,여,40,미신청,미수신,normal,광주,0,40대,41,1,15124,4,1,1,1.9,포미방문자,매장B,정상,0,0,0
정상회원,여,56,미신청,수신,normal,용인 수지구,0,50대,2,73,1427298,5,4,5,4.7,포미킹,매장C,정상,1,1,1
정상회원,여,39,미신청,미수신,normal,용인 수지구,0,30대,13,5,74088,5,1,2,2.6,포미프렌즈,매장D,정상,16,0,0
정상회원,여,45,신청,미수신,normal,용인 수지구,0,40대,17,14,362484,4,2,2,2.6,포미프렌즈,매장C,정상,6,1,1
정상회원,여,50,미신청,미수신,normal,용인 수지구,0,50대,46,3,105197,4,1,2,2.3,포미초대손님,매장C,정상,36,0,0
정상회원,여,48,미신청,미수신,normal,용인 수지구,0,40대,287,1,22782,1,1,1,1,포미방문자,매장A,잠재이탈,0,0,0
정상회원,여,51,미신청,수신,VIP,용인 수지구,1,50대,0,163,9994195,5,5,5,5,포미킹,매장C,정상,1,1,1
정상회원,여,56,미신청,수신,normal,성남 분당구,0,50대,1,66,1394264,5,4,5,4.7,포미킹,매장B,정상,1,1,1
정상회원,여,40,미신청,미수신,normal,용인 수지구,0,40대,25,9,121184,4,1,2,2.3,포미초대손님,매장C,정상,6,1,1
정상회원,여,49,미신청,미수신,normal,용인 수지구,0,40대,20,12,266837,4,1,2,2.3,포미초대손님,매장C,정상,2,1,1
정상회원,여,69,미신청,미수신,VIP,용인 수지구,0,60대,2,92,1973350,5,5,5,5,포미킹,매장A,정상,1,1,1
정상회원,여,51,미신청,미수신,normal,용인 수지구,0,50대,9,10,122044,5,1,2,2.6,포미프렌즈,매장C,정상,10,1,1
정상회원,여,45,신청,미수신,normal,용인 수지구,0,40대,10,16,635142,5,3,2,3.2,포미프렌즈,매장C,정상,1,1,1
정상회원,여,56,미신청,미수신,normal,용인 수지구,0,50대,8,25,268590,5,1,3,3,포미프렌즈,매장C,정상,1,1,1
정상회원,여,61,미신청,미수신,normal,광주,0,60대,155,4,17803,2,1,2,1.7,포미방문자,매장B,잠재이탈,6,1,0
정상회원,여,34,미신청,미수신,normal,용인 수지구,0,30대,260,1,3733,1,1,1,1,포미방문자,매장C,잠재이탈,0,0,0
정상회원,여,40,신청,미수신,normal,용인 수지구,0,40대,12,31,621416,5,3,3,3.6,포미패밀리,매장C,정상,1,1,1
정상회원,여,51,미신청,미수신,normal,용인 수지구,0,50대,65,1,11295,3,1,1,1.6,포미방문자,매장A,정상,0,0,0
정상회원,여,59,미신청,미수신,normal,서울 송파구,0,50대,2,10,216518,5,1,2,2.6,포미초대손님,매장D,정상,5,1,1
정상회원,여,43,미신청,수신,normal,용인 수지구,0,40대,149,1,23164,2,1,1,1.3,포미방문자,매장C,정상,0,0,0
정상회원,여,41,미신청,미수신,normal,용인 수지구,0,40대,42,4,60113,4,1,2,2.3,포미초대손님,매장A,정상,34,0,0
정상회원,여,62,미신청,미수신,normal,용인 수지구,0,60대,16,18,254520,4,1,3,2.7,포미프렌즈,매장D,정상,1,1,1
정상회원,여,59,미신청,미수신,normal,용인 수지구,0,50대,0,37,889243,5,3,3,3.6,포미패밀리,매장B,정상,2,1,1
정상회원,여,54,미신청,수신,VIP,용인 수지구,0,50대,1,98,2083934,5,5,5,5,포미킹,매장D,정상,1,1,1
정상회원,여,36,미신청,미수신,normal,용인 수지구,0,30대,134,1,12731,2,1,1,1.3,포미방문자,매장B,정상,0,0,0
정상회원,여,49,미신청,미수신,normal,용인 수지구,0,40대,17,11,156027,4,1,2,2.3,포미초대손님,매장B,정상,6,1,1
정상회원,여,40,미신청,미수신,normal,용인 처인구,0,40대,190,2,7945,2,1,2,1.7,포미방문자,매장B,잠재이탈,76,0,0
정상회원,남,73,미신청,미수신,normal,용인 수지구,0,70대,138,4,348424,2,2,2,2,포미방문자,매장D,정상,9,1,1
정상회원,여,47,미신청,미수신,normal,용인 수지구,0,40대,141,9,79256,2,1,2,1.7,포미방문자,매장C,정상,5,1,1
정상회원,여,55,미신청,미수신,normal,용인 수지구,0,50대,7,1,7083,5,1,1,2.2,포미초대손님,매장C,정상,0,0,0
정상회원,여,37,미신청,미수신,normal,용인 수지구,0,30대,48,14,105963,4,1,2,2.3,포미초대손님,매장B,정상,3,1,1
정상회원,여,70,미신청,미수신,normal,용인 수지구,0,70대,0,4,175457,5,1,2,2.6,포미초대손님,매장C,정상,8,1,1
정상회원,여,60,미신청,미수신,normal,용인 수지구,1,60대,11,30,263766,5,1,3,3,포미프렌즈,매장C,정상,2,1,1
정상회원,여,50,미신청,미수신,normal,용인 수지구,0,50대,196,3,35512,2,1,2,1.7,포미방문자,매장C,잠재이탈,2,1,0
정상회원,여,38,미신청,미수신,normal,용인 수지구,0,30대,198,8,196322,2,1,2,1.7,포미방문자,매장D,잠재이탈,2,1,0
정상회원,여,60,미신청,미수신,normal,용인 수지구,0,60대,82,9,162151,3,1,2,2,포미초대손님,매장D,정상,9,1,1
정상회원,여,35,미신청,수신,normal,용인 수지구,0,30대,0,5,88084,5,1,2,2.6,포미프렌즈,매장C,정상,23,0,0
정상회원,여,77,미신청,미수신,normal,용인 수지구,0,70대,276,2,20867,1,1,2,1.4,포미방문자,매장C,잠재이탈,21,0,0
정상회원,여,39,미신청,미수신,normal,용인 수지구,0,30대,16,5,78778,4,1,2,2.3,포미초대손님,매장C,정상,11,1,1
정상회원,여,56,미신청,미수신,normal,용인 수지구,0,50대,39,4,80022,4,1,2,2.3,포미초대손님,매장A,정상,13,1,1
정상회원,여,37,미신청,미수신,normal,용인 수지구,0,30대,18,25,229828,4,1,3,2.7,포미프렌즈,매장C,정상,2,1,1
정상회원,여,44,미신청,미수신,normal,용인 수지구,0,40대,111,3,25270,2,1,2,1.7,포미방문자,매장A,정상,26,0,0
정상회원,여,53,미신청,미수신,normal,용인 수지구,0,50대,198,4,39245,2,1,2,1.7,포미방문자,매장C,잠재이탈,22,0,0
정상회원,여,63,신청,미수신,normal,용인 수지구,0,60대,7,17,668131,5,3,3,3.6,포미패밀리,매장D,정상,3,1,1
정상회원,여,44,미신청,미수신,normal,용인 수지구,0,40대,155,2,43840,2,1,2,1.7,포미방문자,매장D,잠재이탈,86,0,0
정상회원,여,61,미신청,미수신,normal,용인 수지구,0,60대,69,4,187038,3,1,2,2,포미초대손님,매장D,정상,7,1,1
정상회원,여,35,미신청,미수신,normal,용인 수지구,0,30대,30,6,65760,4,1,2,2.3,포미초대손님,매장B,정상,12,1,1
정상회원,여,47,미신청,미수신,normal,용인 수지구,0,40대,17,6,139178,4,1,2,2.3,포미초대손님,매장B,정상,22,0,0
정상회원,여,61,미신청,미수신,normal,용인 기흥구,0,60대,1,11,207366,5,1,2,2.6,포미초대손님,매장C,정상,7,1,1
정상회원,여,47,미신청,미수신,normal,용인 수지구,0,40대,18,5,51880,4,1,2,2.3,포미초대손님,매장A,정상,21,0,0
정상회원,여,35,미신청,미수신,normal,용인 수지구,0,30대,6,11,173445,5,1,2,2.6,포미초대손님,매장C,정상,2,1,1
정상회원,여,34,미신청,미수신,normal,용인 처인구,0,30대,18,1,36948,4,1,1,1.9,포미방문자,매장C,정상,0,0,0
정상회원,여,38,신청,미수신,normal,용인 수지구,0,30대,8,27,612727,5,2,3,3.3,포미프렌즈,매장B,정상,1,1,1
정상회원,여,34,미신청,미수신,normal,용인 수지구,0,30대,4,14,180724,5,1,2,2.6,포미초대손님,매장B,정상,1,1,1
정상회원,여,43,미신청,미수신,normal,용인 수지구,0,40대,51,9,226351,3,1,2,2,포미방문자,매장C,정상,2,1,1
정상회원,여,46,미신청,수신,normal,성남 분당구,0,40대,143,1,2680,2,1,1,1.3,포미방문자,매장C,정상,0,0,0
정상회원,여,47,미신청,미수신,normal,용인 수지구,0,40대,138,1,3637,2,1,1,1.3,포미방문자,매장D,정상,0,0,0
정상회원,여,52,신청,미수신,normal,용인 수지구,0,50대,8,24,395136,5,2,3,3.3,포미패밀리,매장B,정상,2,1,1
정상회원,여,76,미신청,미수신,normal,용인 수지구,0,70대,28,34,451040,4,2,3,3,포미프렌즈,매장C,정상,1,1,1
정상회원,여,32,미신청,미수신,normal,용인 수지구,0,30대,22,20,243420,4,1,3,2.7,포미프렌즈,매장A,정상,2,1,1
정상회원,여,48,미신청,미수신,normal,용인 수지구,0,40대,12,20,245142,5,1,3,3,포미프렌즈,매장C,정상,1,1,1
정상회원,여,62,미신청,미수신,normal,용인 수지구,0,60대,3,26,249022,5,1,3,3,포미프렌즈,매장C,정상,1,1,1
정상회원,여,58,미신청,미수신,normal,용인 수지구,0,50대,144,5,97251,2,1,2,1.7,포미방문자,매장B,정상,3,1,1
정상회원,여,39,미신청,미수신,normal,용인 수지구,0,30대,5,8,124247,5,1,2,2.6,포미프렌즈,매장B,정상,3,1,1
정상회원,여,40,미신청,미수신,normal,용인 수지구,0,40대,12,8,253659,5,1,2,2.6,포미초대손님,매장C,정상,2,1,1
정상회원,여,49,미신청,미수신,normal,기타,0,40대,268,1,65473,1,1,1,1,포미방문자,매장B,잠재이탈,0,0,0
정상회원,남,34,미신청,미수신,normal,용인 수지구,0,30대,71,5,116396,3,1,2,2,포미초대손님,매장C,정상,4,1,1
정상회원,남,43,미신청,미수신,normal,용인 수지구,1,40대,7,16,91410,5,1,2,2.6,포미프렌즈,매장C,정상,2,1,1
정상회원,여,54,미신청,미수신,normal,용인 수지구,0,50대,1,13,318177,5,2,2,2.9,포미프렌즈,매장A,정상,3,1,1
정상회원,여,87,미신청,미수신,normal,용인 기흥구,0,80대,45,3,201110,4,1,2,2.3,포미초대손님,매장A,정상,91,0,0
정상회원,여,44,미신청,미수신,normal,용인 수지구,0,40대,15,7,78202,4,1,2,2.3,포미초대손님,매장B,정상,1,1,1
정상회원,여,46,미신청,미수신,normal,용인 기흥구,0,40대,69,1,10146,3,1,1,1.6,포미방문자,매장D,정상,0,0,0
정상회원,여,56,미신청,미수신,normal,성남 분당구,0,50대,25,2,18666,4,1,2,2.3,포미초대손님,매장C,정상,214,0,0
정상회원,여,41,신청,미수신,normal,용인 수지구,1,40대,3,25,573650,5,2,3,3.3,포미프렌즈,매장D,정상,3,1,1
정상회원,여,75,미신청,미수신,normal,용인 수지구,0,70대,40,6,91127,4,1,2,2.3,포미초대손님,매장D,정상,5,1,1
정상회원,여,56,신청,미수신,normal,용인 수지구,0,50대,2,29,1255087,5,4,3,3.9,포미패밀리,매장A,정상,5,1,1
정상회원,남,55,미신청,미수신,normal,용인 수지구,0,50대,71,2,51402,3,1,2,2,포미초대손님,매장C,정상,83,0,0
정상회원,여,50,미신청,미수신,normal,용인 수지구,0,50대,4,46,1183928,5,4,4,4.3,포미킹,매장B,정상,1,1,1
정상회원,여,45,미신청,미수신,normal,용인 수지구,0,40대,4,4,54560,5,1,2,2.6,포미프렌즈,매장A,정상,3,1,1
정상회원,여,72,미신청,미수신,normal,용인 수지구,0,70대,105,3,69684,3,1,2,2,포미초대손님,매장A,정상,3,1,1
정상회원,여,49,미신청,미수신,normal,서울 강남구,0,40대,5,12,433767,5,2,2,2.9,포미프렌즈,매장B,정상,4,1,1
정상회원,여,47,미신청,미수신,normal,용인 수지구,0,40대,1,33,640635,5,3,3,3.6,포미패밀리,매장C,정상,2,1,1
정상회원,여,42,미신청,미수신,normal,용인 수지구,0,40대,198,15,444643,2,2,2,2,포미방문자,매장A,잠재이탈,2,1,0
정상회원,여,42,미신청,미수신,normal,광주,0,40대,301,1,7466,1,1,1,1,포미방문자,매장C,잠재이탈,0,0,0
정상회원,여,33,미신청,미수신,normal,용인 수지구,0,30대,65,9,125489,3,1,2,2,포미초대손님,매장B,정상,3,1,1
정상회원,여,34,미신청,미수신,normal,성남 분당구,0,30대,2,13,281054,5,1,2,2.6,포미초대손님,매장C,정상,1,1,1
정상회원,여,42,신청,미수신,normal,용인 수지구,0,40대,9,32,1115144,5,4,3,3.9,포미패밀리,매장D,정상,1,1,1
정상회원,여,40,미신청,미수신,normal,용인 수지구,0,40대,12,5,73225,5,1,2,2.6,포미프렌즈,매장B,정상,6,1,1
정상회원,여,45,미신청,미수신,normal,용인 수지구,0,40대,186,1,47477,2,1,1,1.3,포미방문자,매장D,잠재이탈,0,0,0
정상회원,여,45,미신청,미수신,normal,용인 수지구,0,40대,33,2,7371,4,1,2,2.3,포미초대손님,매장B,정상,242,0,0
정상회원,여,49,미신청,미수신,normal,용인 수지구,0,40대,38,4,40011,4,1,2,2.3,포미초대손님,매장D,정상,7,1,1
정상회원,여,37,미신청,미수신,normal,용인 기흥구,0,30대,196,2,45372,2,1,2,1.7,포미방문자,매장B,잠재이탈,104,0,0
정상회원,여,66,미신청,미수신,normal,용인 수지구,0,60대,17,8,229060,4,1,2,2.3,포미초대손님,매장D,정상,5,1,1
정상회원,여,42,미신청,수신,normal,용인 수지구,0,40대,103,1,38575,3,1,1,1.6,포미방문자,매장B,정상,0,0,0
정상회원,여,45,신청,미수신,normal,수원 영통구,0,40대,4,10,469223,5,2,2,2.9,포미프렌즈,매장C,정상,6,1,1
정상회원,남,66,신청,미수신,normal,용인 수지구,0,60대,2,31,807176,5,3,3,3.6,포미패밀리,매장D,정상,1,1,1
정상회원,여,62,신청,미수신,normal,서울 송파구,0,60대,6,17,479525,5,2,3,3.3,포미프렌즈,매장B,정상,1,1,1
정상회원,여,58,미신청,미수신,normal,수원 영통구,0,50대,93,7,108642,3,1,2,2,포미초대손님,매장B,정상,7,1,1
정상회원,여,39,미신청,미수신,normal,용인 수지구,0,30대,209,4,51689,1,1,2,1.4,포미방문자,매장D,잠재이탈,10,1,0
정상회원,여,33,미신청,미수신,normal,용인 수지구,0,30대,34,13,207516,4,1,2,2.3,포미초대손님,매장C,정상,1,1,1
탈퇴,여,74,미신청,미수신,normal,용인 수지구,0,70대,141,3,62327,2,1,2,1.7,포미방문자,매장C,이탈,1,1,1
정상회원,남,75,미신청,미수신,normal,용인 수지구,0,70대,24,1,32354,4,1,1,1.9,포미방문자,매장D,정상,0,0,0
정상회원,여,41,미신청,미수신,normal,용인 수지구,0,40대,26,31,447113,4,2,3,3,포미프렌즈,매장A,정상,1,1,1
정상회원,여,66,미신청,미수신,normal,용인 수지구,0,60대,191,4,67003,2,1,2,1.7,포미방문자,매장A,잠재이탈,6,1,0
정상회원,여,58,미신청,수신,normal,용인 수지구,0,50대,2,60,2795603,5,5,4,4.6,포미킹,매장D,정상,1,1,1
정상회원,여,52,미신청,미수신,normal,용인 수지구,0,50대,25,15,194679,4,1,2,2.3,포미초대손님,매장C,정상,1,1,1
탈퇴,여,44,신청,미수신,normal,용인 수지구,0,40대,62,28,478988,3,2,3,2.7,포미프렌즈,매장B,이탈,2,1,1
정상회원,여,41,신청,미수신,normal,성남 분당구,0,40대,0,30,609552,5,2,3,3.3,포미프렌즈,매장C,정상,1,1,1
정상회원,여,42,신청,미수신,normal,용인 수지구,0,40대,30,24,759252,4,3,3,3.3,포미프렌즈,매장B,정상,3,1,1
정상회원,여,38,미신청,미수신,normal,기타,0,30대,302,1,9189,1,1,1,1,포미방문자,매장B,잠재이탈,0,0,0
정상회원,여,40,미신청,미수신,normal,용인 수지구,0,40대,48,6,65666,4,1,2,2.3,포미초대손님,매장A,정상,15,0,0
정상회원,여,55,미신청,미수신,normal,용인 수지구,0,50대,15,7,53892,4,1,2,2.3,포미초대손님,매장B,정상,1,1,1
정상회원,여,63,미신청,미수신,normal,용인 수지구,0,60대,193,1,29290,2,1,1,1.3,포미방문자,매장A,잠재이탈,0,0,0
정상회원,여,35,미신청,미수신,normal,화성,0,30대,2,4,37906,5,1,2,2.6,포미프렌즈,매장C,정상,11,1,1
정상회원,여,68,미신청,미수신,normal,용인 수지구,0,60대,5,21,335328,5,2,3,3.3,포미패밀리,매장C,정상,2,1,1
정상회원,여,51,미신청,미수신,normal,용인 수지구,0,50대,39,14,200727,4,1,2,2.3,포미초대손님,매장C,정상,1,1,1
정상회원,여,44,미신청,미수신,normal,용인 수지구,0,40대,16,7,140900,4,1,2,2.3,포미초대손님,매장A,정상,3,1,1
정상회원,여,36,미신청,미수신,normal,용인 수지구,0,30대,4,32,355752,5,2,3,3.3,포미패밀리,매장C,정상,1,1,1
정상회원,여,68,미신청,미수신,normal,기타,0,60대,300,1,6892,1,1,1,1,포미방문자,매장B,잠재이탈,0,0,0
정상회원,여,39,미신청,미수신,normal,수원 영통구,0,30대,15,4,84233,4,1,2,2.3,포미초대손님,매장D,정상,14,1,1
탈퇴,여,81,미신청,미수신,normal,용인 수지구,0,80대,126,11,271847,2,1,2,1.7,포미방문자,매장C,이탈,1,1,1
정상회원,여,39,미신청,미수신,normal,용인 수지구,0,30대,4,4,39915,5,1,2,2.6,포미프렌즈,매장B,정상,41,0,0
정상회원,여,42,미신청,미수신,normal,용인 수지구,0,40대,6,16,293288,5,2,2,2.9,포미프렌즈,매장B,정상,6,1,1
정상회원,여,43,미신청,수신,normal,용인 수지구,0,40대,9,3,14166,5,1,2,2.6,포미프렌즈,매장D,정상,40,0,0
정상회원,여,55,미신청,미수신,normal,용인 수지구,0,50대,58,6,189622,3,1,2,2,포미초대손님,매장D,정상,2,1,1
정상회원,여,55,미신청,미수신,normal,기타,0,50대,236,1,14932,1,1,1,1,포미방문자,매장B,잠재이탈,0,0,0
정상회원,여,44,미신청,미수신,normal,용인 수지구,0,40대,38,4,163873,4,1,2,2.3,포미초대손님,매장B,정상,59,0,0
정상회원,여,51,미신청,미수신,normal,용인 수지구,0,50대,91,4,107684,3,1,2,2,포미초대손님,매장A,정상,9,1,1
정상회원,여,39,미신청,수신,normal,용인 수지구,0,30대,2,72,1248813,5,4,5,4.7,포미킹,매장C,정상,1,1,1
정상회원,남,56,신청,미수신,normal,용인 수지구,0,50대,3,27,526102,5,2,3,3.3,포미프렌즈,매장C,정상,3,1,1
정상회원,여,48,미신청,미수신,normal,성남 분당구,0,40대,296,1,35991,1,1,1,1,포미방문자,매장C,잠재이탈,0,0,0
정상회원,여,45,미신청,미수신,normal,용인 수지구,0,40대,262,1,105293,1,1,1,1,포미방문자,매장C,잠재이탈,0,0,0
정상회원,여,35,미신청,미수신,normal,용인 수지구,0,30대,101,2,14550,3,1,2,2,포미초대손님,매장C,정상,91,0,0
정상회원,여,45,미신청,수신,normal,용인 수지구,0,40대,10,2,12156,5,1,2,2.6,포미프렌즈,매장B,정상,80,0,0
정상회원,여,43,미신청,미수신,normal,용인 수지구,0,40대,249,1,12635,1,1,1,1,포미방문자,매장B,잠재이탈,0,0,0
정상회원,여,45,미신청,미수신,normal,서울 송파구,0,40대,195,1,26419,2,1,1,1.3,포미방문자,매장D,잠재이탈,0,0,0
정상회원,여,52,미신청,미수신,normal,수원 영통구,0,50대,291,1,4977,1,1,1,1,포미방문자,매장C,잠재이탈,0,0,0
정상회원,여,42,미신청,미수신,normal,용인 수지구,0,40대,9,46,705269,5,3,4,4,포미패밀리,매장B,정상,1,1,1
정상회원,여,64,미신청,미수신,normal,용인 기흥구,0,60대,4,18,267445,5,1,3,3,포미프렌즈,매장C,정상,2,1,1
정상회원,여,61,미신청,미수신,normal,용인 수지구,0,60대,44,17,169423,4,1,3,2.7,포미프렌즈,매장D,정상,1,1,1
정상회원,여,75,미신청,미수신,normal,기타,0,70대,13,14,230784,5,1,2,2.6,포미초대손님,매장A,정상,2,1,1
정상회원,여,40,미신청,미수신,normal,용인 수지구,0,40대,45,16,272709,4,1,2,2.3,포미초대손님,매장A,정상,2,1,1
정상회원,남,91,미신청,미수신,normal,기타,0,90대이상,209,1,33311,1,1,1,1,포미방문자,매장C,잠재이탈,0,0,0
정상회원,여,59,미신청,미수신,normal,용인 수지구,0,50대,22,27,368044,4,2,3,3,포미프렌즈,매장D,정상,1,1,1
정상회원,여,77,미신청,미수신,normal,용인 수지구,0,70대,113,2,66143,2,1,2,1.7,포미방문자,매장C,정상,82,0,0
정상회원,여,45,신청,미수신,normal,용인 기흥구,0,40대,13,17,705176,5,3,3,3.6,포미패밀리,매장B,정상,2,1,1
정상회원,여,48,미신청,미수신,normal,용인 기흥구,0,40대,15,10,249257,4,1,2,2.3,포미초대손님,매장C,정상,3,1,1
정상회원,여,48,미신청,미수신,normal,용인 수지구,0,40대,6,30,391843,5,2,3,3.3,포미패밀리,매장C,정상,1,1,1
정상회원,여,49,미신청,미수신,normal,성남 분당구,0,40대,50,1,2297,3,1,1,1.6,포미방문자,매장C,정상,0,0,0
정상회원,여,60,미신청,미수신,normal,성남 분당구,0,60대,228,4,50635,1,1,2,1.4,포미방문자,매장B,잠재이탈,17,0,0
정상회원,여,85,미신청,미수신,normal,용인 수지구,0,80대,16,10,298555,4,2,2,2.6,포미프렌즈,매장C,정상,3,1,1
정상회원,여,40,미신청,미수신,normal,기타,0,40대,109,1,29482,3,1,1,1.6,포미방문자,매장C,정상,0,0,0
정상회원,여,43,미신청,미수신,normal,용인 수지구,0,40대,26,8,310232,4,2,2,2.6,포미프렌즈,매장B,정상,4,1,1
정상회원,여,46,미신청,미수신,normal,용인 수지구,0,40대,80,1,5169,3,1,1,1.6,포미방문자,매장B,정상,0,0,0
정상회원,여,38,미신청,미수신,normal,용인 기흥구,0,30대,290,1,39054,1,1,1,1,포미방문자,매장D,잠재이탈,0,0,0
정상회원,여,54,미신청,미수신,normal,용인 수지구,0,50대,11,9,133053,5,1,2,2.6,포미프렌즈,매장B,정상,6,1,1
정상회원,여,62,미신청,미수신,normal,용인 수지구,0,60대,16,4,42979,4,1,2,2.3,포미초대손님,매장B,정상,12,1,1
정상회원,여,40,미신청,미수신,normal,용인 수지구,0,40대,133,3,89213,2,1,2,1.7,포미방문자,매장B,정상,15,0,0
정상회원,여,54,미신청,수신,normal,용인 수지구,0,50대,0,63,1373688,5,4,5,4.7,포미킹,매장C,정상,1,1,1
정상회원,여,49,미신청,미수신,normal,용인 수지구,0,40대,160,1,82894,2,1,1,1.3,포미방문자,매장B,잠재이탈,0,0,0
정상회원,여,52,미신청,미수신,normal,용인 수지구,0,50대,62,1,13592,3,1,1,1.6,포미방문자,매장B,정상,0,0,0
탈퇴,여,83,신청,미수신,normal,용인 수지구,0,80대,180,21,854309,2,3,3,2.7,포미프렌즈,매장C,이탈,1,1,0
정상회원,여,42,미신청,미수신,normal,용인 수지구,0,40대,16,15,227719,4,1,2,2.3,포미초대손님,매장A,정상,4,1,1
정상회원,여,39,신청,미수신,normal,용인 수지구,0,30대,7,30,678583,5,3,3,3.6,포미패밀리,매장A,정상,2,1,1
정상회원,여,51,미신청,수신,normal,용인 수지구,0,50대,2,50,522251,5,2,4,3.7,포미패밀리,매장D,정상,1,1,1
정상회원,남,50,미신청,미수신,normal,용인 수지구,0,50대,42,9,335790,4,2,2,2.6,포미프렌즈,매장D,정상,5,1,1
정상회원,여,45,미신청,수신,normal,용인 수지구,0,40대,7,40,1043065,5,3,4,4,포미패밀리,매장A,정상,1,1,1
정상회원,여,50,미신청,미수신,normal,용인 수지구,0,50대,4,12,215753,5,1,2,2.6,포미초대손님,매장C,정상,2,1,1
정상회원,여,44,미신청,미수신,normal,용인 수지구,0,40대,76,4,38193,3,1,2,2,포미초대손님,매장D,정상,12,1,1
정상회원,여,43,미신청,미수신,normal,광주,0,40대,38,1,4212,4,1,1,1.9,포미방문자,매장D,정상,0,0,0
정상회원,여,53,미신청,미수신,normal,기타,0,50대,193,1,3637,2,1,1,1.3,포미방문자,매장C,잠재이탈,0,0,0
정상회원,여,42,미신청,수신,normal,용인 수지구,1,40대,0,72,2988387,5,5,5,5,포미킹,매장A,정상,1,1,1
정상회원,여,43,신청,미수신,normal,용인 수지구,0,40대,18,8,398485,4,2,2,2.6,포미프렌즈,매장B,정상,13,1,1
정상회원,여,48,미신청,미수신,normal,성남 분당구,0,40대,1,4,70833,5,1,2,2.6,포미프렌즈,매장B,정상,1,1,1
정상회원,여,66,미신청,미수신,normal,기타,0,60대,278,1,8423,1,1,1,1,포미방문자,매장A,잠재이탈,0,0,0
정상회원,여,52,미신청,미수신,normal,용인 수지구,0,50대,86,1,18378,3,1,1,1.6,포미방문자,매장B,정상,0,0,0
정상회원,여,31,신청,미수신,normal,용인 수지구,0,30대,64,17,441272,3,2,3,2.7,포미프렌즈,매장B,정상,2,1,1
정상회원,여,34,미신청,미수신,normal,기타,0,30대,56,6,124533,3,1,2,2,포미초대손님,매장D,정상,6,1,1
정상회원,여,52,미신청,미수신,normal,용인 수지구,0,50대,18,1,19144,4,1,1,1.9,포미방문자,매장C,정상,0,0,0
정상회원,여,66,미신청,미수신,normal,용인 수지구,0,60대,0,1,12444,5,1,1,2.2,포미초대손님,매장C,정상,0,0,0
정상회원,여,58,신청,미수신,normal,용인 수지구,0,50대,0,30,673875,5,3,3,3.6,포미패밀리,매장D,정상,1,1,1
정상회원,여,63,미신청,미수신,normal,용인 수지구,0,60대,200,1,19527,1,1,1,1,포미방문자,매장B,잠재이탈,0,0,0
정상회원,여,39,미신청,미수신,normal,기타,0,30대,246,1,14933,1,1,1,1,포미방문자,매장D,잠재이탈,0,0,0
정상회원,여,42,미신청,미수신,normal,용인 수지구,0,40대,231,1,9572,1,1,1,1,포미방문자,매장D,잠재이탈,0,0,0
정상회원,남,39,신청,미수신,normal,용인 수지구,1,30대,14,14,358763,5,2,2,2.9,포미프렌즈,매장D,정상,1,1,1
정상회원,여,42,미신청,미수신,normal,용인 수지구,0,40대,3,2,6030,5,1,2,2.6,포미프렌즈,매장C,정상,4,1,1
정상회원,남,38,미신청,미수신,normal,용인 수지구,0,30대,39,17,400478,4,2,3,3,포미프렌즈,매장C,정상,1,1,1
정상회원,여,58,신청,미수신,normal,서울 강남구,0,50대,15,16,544363,4,2,2,2.6,포미프렌즈,매장A,정상,4,1,1
정상회원,여,44,미신청,미수신,normal,수원 장안구,0,40대,176,1,3255,2,1,1,1.3,포미방문자,매장A,잠재이탈,0,0,0
정상회원,여,44,미신청,미수신,normal,용인 수지구,0,40대,8,14,160907,5,1,2,2.6,포미초대손님,매장D,정상,1,1,1
정상회원,여,51,미신청,수신,normal,용인 수지구,0,50대,2,47,1599769,5,4,4,4.3,포미킹,매장B,정상,1,1,1
정상회원,여,41,신청,미수신,normal,용인 수지구,0,40대,7,35,602910,5,2,3,3.3,포미프렌즈,매장C,정상,1,1,1
정상회원,여,42,미신청,미수신,normal,용인 수지구,0,40대,247,2,51900,1,1,2,1.4,포미방문자,매장C,잠재이탈,49,0,0
정상회원,여,46,미신청,미수신,normal,용인 수지구,0,40대,5,2,52263,5,1,2,2.6,포미프렌즈,매장D,정상,2,1,1
정상회원,여,45,미신청,미수신,normal,용인 수지구,0,40대,274,2,39246,1,1,2,1.4,포미방문자,매장B,잠재이탈,18,0,0
정상회원,여,57,미신청,미수신,normal,서울 강남구,0,50대,167,5,77438,2,1,2,1.7,포미방문자,매장C,잠재이탈,14,1,0
정상회원,여,64,미신청,미수신,normal,용인 수지구,0,60대,286,1,3446,1,1,1,1,포미방문자,매장D,잠재이탈,0,0,0
정상회원,여,47,미신청,미수신,normal,용인 수지구,0,40대,7,56,1269070,5,4,4,4.3,포미킹,매장A,정상,1,1,1
정상회원,여,33,미신청,미수신,normal,용인 수지구,0,30대,2,12,272228,5,1,2,2.6,포미초대손님,매장D,정상,3,1,1
정상회원,여,43,미신청,미수신,normal,기타,0,40대,244,1,5073,1,1,1,1,포미방문자,매장A,잠재이탈,0,0,0
정상회원,여,59,미신청,미수신,normal,기타,0,50대,69,7,122713,3,1,2,2,포미초대손님,매장D,정상,6,1,1
정상회원,여,50,미신청,수신,normal,광주,0,50대,2,8,259688,5,1,2,2.6,포미초대손님,매장A,정상,3,1,1
정상회원,여,40,미신청,미수신,normal,용인 수지구,0,40대,200,2,22590,1,1,2,1.4,포미방문자,매장B,잠재이탈,63,0,0
정상회원,여,35,미신청,미수신,normal,기타,0,30대,166,1,48818,2,1,1,1.3,포미방문자,매장D,잠재이탈,0,0,0
정상회원,여,64,미신청,미수신,normal,용인 기흥구,0,60대,273,1,7083,1,1,1,1,포미방문자,매장C,잠재이탈,0,0,0
정상회원,여,52,미신청,미수신,normal,용인 수지구,0,50대,10,16,304774,5,2,2,2.9,포미프렌즈,매장B,정상,1,1,1
정상회원,여,49,미신청,미수신,normal,용인 수지구,0,40대,22,5,175744,4,1,2,2.3,포미초대손님,매장B,정상,11,1,1
정상회원,여,34,미신청,미수신,normal,용인 수지구,0,30대,11,10,217094,5,1,2,2.6,포미초대손님,매장A,정상,3,1,1
정상회원,남,32,미신청,미수신,normal,기타,0,30대,123,1,1914,2,1,1,1.3,포미방문자,매장C,정상,0,0,0
정상회원,여,45,미신청,미수신,normal,수원 영통구,0,40대,288,2,54561,1,1,2,1.4,포미방문자,매장B,잠재이탈,7,1,0
정상회원,여,39,미신청,미수신,normal,용인 수지구,0,30대,16,29,664875,4,3,3,3.3,포미프렌즈,매장D,정상,1,1,1
정상회원,여,49,미신청,미수신,normal,용인 수지구,0,40대,13,36,338563,5,2,3,3.3,포미패밀리,매장C,정상,1,1,1
정상회원,여,74,미신청,미수신,normal,용인 수지구,0,70대,7,64,1744079,5,4,5,4.7,포미킹,매장C,정상,1,1,1
정상회원,여,30,미신청,미수신,normal,용인 수지구,0,30대,247,1,14358,1,1,1,1,포미방문자,매장C,잠재이탈,0,0,0
정상회원,여,65,신청,미수신,normal,용인 수지구,0,60대,24,17,939640,4,3,3,3.3,포미프렌즈,매장C,정상,1,1,1
정상회원,여,43,미신청,미수신,normal,용인 수지구,0,40대,40,2,43457,4,1,2,2.3,포미초대손님,매장A,정상,86,0,0
정상회원,여,55,미신청,수신,VIP,용인 수지구,0,50대,2,138,3400905,5,5,5,5,포미킹,매장C,정상,1,1,1
정상회원,여,42,미신청,미수신,normal,용인 수지구,0,40대,39,1,4212,4,1,1,1.9,포미방문자,매장B,정상,0,0,0
정상회원,여,43,미신청,미수신,normal,용인 기흥구,0,40대,230,1,4977,1,1,1,1,포미방문자,매장A,잠재이탈,0,0,0
정상회원,여,60,미신청,미수신,normal,서울 송파구,0,60대,22,5,28526,4,1,2,2.3,포미초대손님,매장D,정상,1,1,1
정상회원,여,38,미신청,미수신,normal,용인 수지구,0,30대,40,1,22878,4,1,1,1.9,포미방문자,매장A,정상,0,0,0
정상회원,여,45,미신청,미수신,normal,기타,0,40대,197,1,8615,2,1,1,1.3,포미방문자,매장C,잠재이탈,0,0,0
정상회원,여,53,미신청,미수신,normal,기타,0,50대,38,8,176698,4,1,2,2.3,포미초대손님,매장A,정상,14,1,1
정상회원,여,53,신청,미수신,normal,용인 수지구,0,50대,13,26,621920,5,3,3,3.6,포미패밀리,매장A,정상,2,1,1
정상회원,여,46,미신청,미수신,normal,용인 수지구,0,40대,8,30,775435,5,3,3,3.6,포미패밀리,매장D,정상,1,1,1
정상회원,여,32,미신청,미수신,normal,기타,0,30대,28,12,167418,4,1,2,2.3,포미초대손님,매장A,정상,5,1,1
정상회원,여,53,신청,미수신,normal,용인 수지구,0,50대,1,10,338813,5,2,2,2.9,포미프렌즈,매장A,정상,2,1,1
정상회원,여,50,신청,미수신,normal,용인 수지구,0,50대,16,28,433387,4,2,3,3,포미프렌즈,매장D,정상,2,1,1
정상회원,여,46,미신청,미수신,normal,용인 수지구,0,40대,25,14,140478,4,1,2,2.3,포미초대손님,매장A,정상,5,1,1
정상회원,여,51,미신청,미수신,normal,기타,0,50대,249,10,300657,1,2,2,1.7,포미방문자,매장A,잠재이탈,3,1,0
정상회원,여,31,미신청,미수신,normal,용인 수지구,0,30대,4,44,577097,5,2,4,3.7,포미패밀리,매장B,정상,1,1,1
정상회원,여,38,미신청,미수신,normal,기타,0,30대,61,1,8041,3,1,1,1.6,포미방문자,매장D,정상,0,0,0
정상회원,남,55,미신청,미수신,normal,용인 수지구,0,50대,109,10,109313,3,1,2,2,포미초대손님,매장C,정상,1,1,1
정상회원,여,44,미신청,미수신,normal,용인 수지구,0,40대,51,4,119843,3,1,2,2,포미초대손님,매장B,정상,3,1,1
정상회원,여,44,미신청,미수신,normal,용인 수지구,0,40대,4,19,385274,5,2,3,3.3,포미패밀리,매장B,정상,3,1,1
정상회원,여,45,미신청,미수신,normal,용인 수지구,0,40대,15,16,239600,4,1,2,2.3,포미초대손님,매장C,정상,1,1,1
정상회원,여,46,미신청,미수신,normal,기타,0,40대,293,1,27185,1,1,1,1,포미방문자,매장C,잠재이탈,0,0,0
정상회원,여,47,미신청,미수신,normal,용인 수지구,0,40대,165,3,29003,2,1,2,1.7,포미방문자,매장C,잠재이탈,7,1,0
정상회원,여,52,미신청,미수신,normal,용인 수지구,0,50대,56,5,141858,3,1,2,2,포미초대손님,매장A,정상,4,1,1
정상회원,여,51,미신청,미수신,normal,용인 수지구,0,50대,0,41,1475279,5,4,4,4.3,포미킹,매장C,정상,1,1,1
정상회원,여,41,미신청,미수신,normal,용인 수지구,0,40대,2,44,874983,5,3,4,4,포미패밀리,매장C,정상,1,1,1
정상회원,여,48,미신청,수신,normal,용인 수지구,0,40대,2,62,1405111,5,4,4,4.3,포미킹,매장C,정상,1,1,1
정상회원,여,46,미신청,미수신,normal,성남 분당구,0,40대,173,1,2680,2,1,1,1.3,포미방문자,매장C,잠재이탈,0,0,0
정상회원,여,67,신청,미수신,normal,용인 수지구,0,60대,7,10,495090,5,2,2,2.9,포미프렌즈,매장B,정상,1,1,1
정상회원,여,64,미신청,미수신,normal,용인 수지구,0,60대,133,10,242363,2,1,2,1.7,포미방문자,매장D,정상,4,1,1
정상회원,여,35,미신청,미수신,normal,용인 수지구,0,30대,20,7,48148,4,1,2,2.3,포미초대손님,매장C,정상,1,1,1
정상회원,여,47,미신청,미수신,normal,용인 수지구,0,40대,8,16,374565,5,2,2,2.9,포미프렌즈,매장C,정상,1,1,1
정상회원,남,49,미신청,미수신,normal,용인 수지구,0,40대,1,44,1364366,5,4,4,4.3,포미킹,매장C,정상,1,1,1
정상회원,여,73,미신청,미수신,normal,용인 수지구,0,70대,1,9,92657,5,1,2,2.6,포미프렌즈,매장A,정상,2,1,1
정상회원,여,32,미신청,미수신,normal,서울 강남구,0,30대,19,8,207523,4,1,2,2.3,포미초대손님,매장A,정상,1,1,1
정상회원,여,34,미신청,미수신,normal,용인 수지구,0,30대,67,1,8806,3,1,1,1.6,포미방문자,매장B,정상,0,0,0
정상회원,여,52,미신청,미수신,normal,용인 기흥구,0,50대,43,2,6796,4,1,2,2.3,포미초대손님,매장C,정상,7,1,1
정상회원,여,55,미신청,미수신,normal,용인 수지구,1,50대,8,44,2065113,5,5,4,4.6,포미킹,매장C,정상,1,1,1
정상회원,남,41,미신청,미수신,normal,기타,0,40대,7,2,23356,5,1,2,2.6,포미프렌즈,매장D,정상,63,0,0
정상회원,여,35,미신청,미수신,normal,용인 수지구,0,30대,29,8,200630,4,1,2,2.3,포미초대손님,매장C,정상,10,1,1
정상회원,여,48,미신청,미수신,normal,기타,0,40대,49,1,25270,4,1,1,1.9,포미방문자,매장B,정상,0,0,0
정상회원,여,35,미신청,미수신,normal,용인 수지구,0,30대,244,1,48695,1,1,1,1,포미방문자,매장C,잠재이탈,0,0,0
정상회원,여,43,미신청,미수신,normal,용인 수지구,0,40대,123,2,29675,2,1,2,1.7,포미방문자,매장B,정상,139,0,0
정상회원,여,48,미신청,미수신,normal,용인 수지구,0,40대,41,4,137073,4,1,2,2.3,포미초대손님,매장B,정상,51,0,0
정상회원,여,71,신청,미수신,normal,용인 기흥구,0,70대,19,11,145975,4,1,2,2.3,포미초대손님,매장A,정상,3,1,1
정상회원,여,61,미신청,미수신,normal,기타,0,60대,7,15,204839,5,1,2,2.6,포미초대손님,매장C,정상,1,1,1
정상회원,여,43,미신청,미수신,normal,용인 수지구,0,40대,30,3,22589,4,1,2,2.3,포미초대손님,매장C,정상,18,0,0
정상회원,남,52,미신청,미수신,normal,용인 수지구,0,50대,212,1,27759,1,1,1,1,포미방문자,매장C,잠재이탈,0,0,0
정상회원,여,35,미신청,미수신,normal,용인 수지구,0,30대,13,13,171970,5,1,2,2.6,포미초대손님,매장B,정상,2,1,1
정상회원,여,37,미신청,미수신,normal,용인 수지구,0,30대,69,9,175648,3,1,2,2,포미초대손님,매장C,정상,6,1,1
정상회원,여,72,미신청,미수신,normal,용인 수지구,0,70대,19,21,195080,4,1,3,2.7,포미프렌즈,매장D,정상,1,1,1
정상회원,여,50,미신청,미수신,normal,화성,0,50대,2,14,306209,5,2,2,2.9,포미프렌즈,매장B,정상,3,1,1
정상회원,여,53,미신청,수신,normal,서울 강남구,0,50대,180,1,4116,2,1,1,1.3,포미방문자,매장B,잠재이탈,0,0,0
정상회원,여,53,미신청,미수신,normal,용인 수지구,0,50대,168,3,74854,2,1,2,1.7,포미방문자,매장A,잠재이탈,5,1,0
정상회원,남,80,미신청,미수신,normal,용인 수지구,0,80대,237,1,12922,1,1,1,1,포미방문자,매장B,잠재이탈,0,0,0
정상회원,여,50,미신청,수신,normal,용인 수지구,0,50대,0,61,2588529,5,5,4,4.6,포미킹,매장B,정상,1,1,1
정상회원,여,52,미신청,미수신,normal,용인 수지구,0,50대,79,5,49296,3,1,2,2,포미초대손님,매장C,정상,35,0,0
정상회원,여,40,신청,미수신,normal,용인 수지구,0,40대,6,30,1115522,5,4,3,3.9,포미패밀리,매장D,정상,1,1,1
정상회원,남,81,신청,미수신,normal,용인 수지구,0,80대,19,22,465871,4,2,3,3,포미프렌즈,매장D,정상,2,1,1
정상회원,여,64,미신청,미수신,normal,기타,0,60대,160,2,47094,2,1,2,1.7,포미방문자,매장B,잠재이탈,86,0,0
정상회원,여,71,미신청,미수신,normal,기타,0,70대,235,1,14741,1,1,1,1,포미방문자,매장A,잠재이탈,0,0,0
정상회원,여,59,미신청,미수신,normal,성남 분당구,0,50대,23,3,452376,4,2,2,2.6,포미프렌즈,매장A,정상,7,1,1
정상회원,여,43,미신청,미수신,normal,용인 수지구,0,40대,8,15,167131,5,1,2,2.6,포미초대손님,매장B,정상,8,1,1
정상회원,여,41,미신청,미수신,normal,용인 수지구,0,40대,6,5,40776,5,1,2,2.6,포미프렌즈,매장A,정상,4,1,1
정상회원,여,54,미신청,수신,VIP,용인 수지구,0,50대,8,78,1964515,5,4,5,4.7,포미킹,매장C,정상,1,1,1
정상회원,여,55,미신청,미수신,normal,용인 수지구,0,50대,13,5,81171,5,1,2,2.6,포미프렌즈,매장C,정상,5,1,1
정상회원,여,51,미신청,미수신,normal,용인 기흥구,0,50대,207,1,14167,1,1,1,1,포미방문자,매장C,잠재이탈,0,0,0
정상회원,여,48,미신청,미수신,normal,용인 수지구,0,40대,34,11,145781,4,1,2,2.3,포미초대손님,매장D,정상,2,1,1
정상회원,남,50,미신청,미수신,normal,용인 수지구,0,50대,18,22,280175,4,1,3,2.7,포미프렌즈,매장A,정상,1,1,1
정상회원,여,46,신청,미수신,normal,용인 수지구,0,40대,39,15,424537,4,2,2,2.6,포미프렌즈,매장B,정상,3,1,1
정상회원,여,46,미신청,미수신,normal,용인 수지구,0,40대,1,12,126160,5,1,2,2.6,포미프렌즈,매장C,정상,2,1,1
정상회원,여,53,미신청,미수신,normal,용인 수지구,0,50대,78,2,16655,3,1,2,2,포미초대손님,매장C,정상,125,0,0
정상회원,남,37,미신청,수신,VIP,용인 수지구,1,30대,0,121,2615874,5,5,5,5,포미킹,매장B,정상,1,1,1
정상회원,여,46,미신청,미수신,normal,용인 수지구,0,40대,43,25,324321,4,2,3,3,포미프렌즈,매장A,정상,3,1,1
정상회원,여,37,미신청,미수신,normal,용인 수지구,0,30대,249,1,13305,1,1,1,1,포미방문자,매장C,잠재이탈,0,0,0
정상회원,여,69,미신청,미수신,normal,용인 수지구,0,60대,245,1,38288,1,1,1,1,포미방문자,매장C,잠재이탈,0,0,0
정상회원,여,70,신청,미수신,normal,용인 수지구,0,70대,19,32,414664,4,2,3,3,포미프렌즈,매장D,정상,1,1,1
정상회원,여,56,미신청,미수신,normal,용인 수지구,0,50대,54,3,30630,3,1,2,2,포미초대손님,매장D,정상,35,0,0
정상회원,여,63,미신청,미수신,normal,기타,0,60대,9,43,962239,5,3,4,4,포미패밀리,매장C,정상,1,1,1
정상회원,여,39,미신청,미수신,normal,기타,0,30대,7,6,41351,5,1,2,2.6,포미프렌즈,매장C,정상,2,1,1
탈퇴,남,52,미신청,미수신,normal,광주,0,50대,149,5,323728,2,2,2,2,포미방문자,매장B,이탈,4,1,1
정상회원,여,50,미신청,수신,normal,용인 수지구,1,50대,9,56,1093660,5,4,4,4.3,포미킹,매장A,정상,1,1,1
정상회원,여,54,미신청,수신,normal,용인 수지구,0,50대,4,52,2121132,5,5,4,4.6,포미킹,매장B,정상,1,1,1
정상회원,여,45,미신청,수신,normal,용인 수지구,0,40대,3,37,384837,5,2,3,3.3,포미패밀리,매장C,정상,1,1,1
정상회원,여,40,미신청,미수신,normal,용인 수지구,1,40대,53,11,184453,3,1,2,2,포미초대손님,매장B,정상,5,1,1
탈퇴,여,40,미신청,미수신,normal,용인 수지구,0,40대,17,32,526851,4,2,3,3,포미프렌즈,매장C,이탈,1,1,1
정상회원,여,36,미신청,미수신,normal,용인 수지구,0,30대,12,2,25270,5,1,2,2.6,포미프렌즈,매장B,정상,73,0,0
정상회원,여,44,미신청,미수신,normal,용인 수지구,0,40대,95,1,31970,3,1,1,1.6,포미방문자,매장B,정상,0,0,0
정상회원,여,44,미신청,미수신,normal,용인 수지구,0,40대,13,6,84808,5,1,2,2.6,포미프렌즈,매장B,정상,2,1,1
정상회원,여,57,미신청,미수신,normal,용인 수지구,0,50대,177,3,133968,2,1,2,1.7,포미방문자,매장A,잠재이탈,21,0,0
정상회원,여,35,미신청,미수신,normal,용인 수지구,0,30대,156,3,143102,2,1,2,1.7,포미방문자,매장B,잠재이탈,34,0,0
정상회원,여,63,미신청,미수신,normal,용인 수지구,0,60대,14,7,107014,5,1,2,2.6,포미프렌즈,매장C,정상,7,1,1
정상회원,여,41,미신청,미수신,normal,용인 기흥구,0,40대,57,8,68987,3,1,2,2,포미초대손님,매장C,정상,2,1,1
정상회원,여,50,미신청,미수신,normal,용인 수지구,0,50대,155,5,199693,2,1,2,1.7,포미방문자,매장C,잠재이탈,3,1,0
정상회원,여,38,신청,미수신,normal,용인 수지구,0,30대,10,19,519290,5,2,3,3.3,포미프렌즈,매장D,정상,6,1,1
정상회원,여,38,미신청,미수신,normal,용인 수지구,0,30대,22,3,69684,4,1,2,2.3,포미초대손님,매장A,정상,12,1,1
정상회원,여,48,미신청,미수신,normal,기타,0,40대,18,1,15124,4,1,1,1.9,포미방문자,매장C,정상,0,0,0
정상회원,여,45,미신청,미수신,normal,용인 수지구,0,40대,133,6,145686,2,1,2,1.7,포미방문자,매장B,정상,8,1,1
정상회원,남,52,미신청,미수신,normal,기타,0,50대,117,1,4020,2,1,1,1.3,포미방문자,매장B,정상,0,0,0
정상회원,여,49,미신청,미수신,normal,용인 수지구,0,40대,14,7,64516,5,1,2,2.6,포미프렌즈,매장C,정상,8,1,1
정상회원,여,39,미신청,미수신,normal,수원 영통구,0,30대,95,1,3829,3,1,1,1.6,포미방문자,매장A,정상,0,0,0
정상회원,여,68,미신청,미수신,normal,용인 수지구,0,60대,39,12,130657,4,1,2,2.3,포미초대손님,매장B,정상,5,1,1
정상회원,여,33,미신청,미수신,normal,용인 수지구,0,30대,10,16,148751,5,1,2,2.6,포미초대손님,매장C,정상,7,1,1
정상회원,여,51,미신청,수신,normal,용인 수지구,0,50대,2,66,1960040,5,4,5,4.7,포미킹,매장A,정상,1,1,1
정상회원,여,43,미신청,수신,normal,용인 수지구,1,40대,0,60,891368,5,3,4,4,포미패밀리,매장C,정상,1,1,1
정상회원,여,34,미신청,미수신,normal,기타,0,30대,130,3,42500,2,1,2,1.7,포미방문자,매장A,정상,32,0,0
정상회원,여,41,신청,미수신,normal,용인 수지구,0,40대,6,22,731773,5,3,3,3.6,포미패밀리,매장C,정상,1,1,1
정상회원,여,45,미신청,미수신,normal,용인 수지구,0,40대,1,1,5552,5,1,1,2.2,포미초대손님,매장C,정상,0,0,0
정상회원,여,41,미신청,수신,normal,수원 영통구,0,40대,124,2,15316,2,1,2,1.7,포미방문자,매장C,정상,82,0,0
정상회원,여,49,미신청,미수신,normal,용인 수지구,0,40대,158,2,84234,2,1,2,1.7,포미방문자,매장A,잠재이탈,73,0,0
탈퇴,여,69,미신청,미수신,normal,용인 수지구,0,60대,190,9,151047,2,1,2,1.7,포미방문자,매장D,이탈,1,1,0
정상회원,여,43,미신청,미수신,normal,성남 분당구,0,40대,254,1,5552,1,1,1,1,포미방문자,매장A,잠재이탈,0,0,0
정상회원,여,52,미신청,미수신,normal,용인 수지구,1,50대,27,13,110386,4,1,2,2.3,포미초대손님,매장C,정상,3,1,1
정상회원,여,48,신청,미수신,normal,용인 수지구,0,40대,7,15,899681,5,3,2,3.2,포미프렌즈,매장A,정상,1,1,1
정상회원,여,61,미신청,수신,normal,용인 수지구,0,60대,27,2,19145,4,1,2,2.3,포미초대손님,매장A,정상,106,0,0
정상회원,여,40,미신청,미수신,normal,용인 수지구,0,40대,152,1,28525,2,1,1,1.3,포미방문자,매장B,잠재이탈,0,0,0
정상회원,남,40,미신청,미수신,normal,용인 수지구,0,40대,106,4,82320,3,1,2,2,포미초대손님,매장D,정상,5,1,1
정상회원,여,80,미신청,미수신,normal,용인 수지구,0,80대,14,19,314065,5,2,3,3.3,포미패밀리,매장C,정상,4,1,1
정상회원,여,49,미신청,수신,normal,용인 수지구,0,40대,7,66,1358472,5,4,5,4.7,포미킹,매장B,정상,1,1,1
정상회원,여,51,미신청,미수신,normal,용인 수지구,0,50대,33,3,98401,4,1,2,2.3,포미초대손님,매장B,정상,35,0,0
정상회원,남,33,미신청,미수신,normal,용인 처인구,0,30대,48,1,15507,4,1,1,1.9,포미방문자,매장B,정상,0,0,0
정상회원,여,58,신청,미수신,normal,용인 수지구,0,50대,4,27,570783,5,2,3,3.3,포미프렌즈,매장C,정상,2,1,1
정상회원,여,63,미신청,미수신,normal,성남 분당구,0,60대,271,1,36852,1,1,1,1,포미방문자,매장D,잠재이탈,0,0,0
정상회원,여,44,미신청,미수신,normal,용인 수지구,0,40대,69,9,125105,3,1,2,2,포미초대손님,매장C,정상,6,1,1
정상회원,여,56,미신청,미수신,normal,성남 분당구,0,50대,38,1,87680,4,1,1,1.9,포미방문자,매장C,정상,0,0,0
정상회원,남,39,미신청,미수신,normal,성남 분당구,0,30대,258,1,17995,1,1,1,1,포미방문자,매장C,잠재이탈,0,0,0
정상회원,여,47,신청,미수신,normal,용인 수지구,0,40대,1,25,677508,5,3,3,3.6,포미패밀리,매장B,정상,2,1,1
정상회원,여,42,미신청,미수신,normal,용인 수지구,0,40대,180,3,10721,2,1,2,1.7,포미방문자,매장C,잠재이탈,15,0,0
정상회원,여,56,미신청,미수신,normal,용인 수지구,0,50대,56,10,252226,3,1,2,2,포미방문자,매장B,정상,2,1,1
정상회원,여,41,미신청,미수신,normal,용인 수지구,0,40대,7,25,392167,5,2,3,3.3,포미패밀리,매장B,정상,2,1,1
정상회원,여,34,미신청,수신,normal,성남 분당구,0,30대,60,2,30247,3,1,2,2,포미초대손님,매장A,정상,43,0,0
정상회원,여,54,미신청,수신,normal,용인 수지구,0,50대,6,44,379554,5,2,4,3.7,포미패밀리,매장C,정상,1,1,1
정상회원,여,48,미신청,미수신,normal,용인 수지구,0,40대,174,2,40778,2,1,2,1.7,포미방문자,매장C,잠재이탈,20,0,0
정상회원,여,34,미신청,미수신,normal,용인 수지구,0,30대,66,10,113240,3,1,2,2,포미초대손님,매장B,정상,8,1,1
정상회원,여,64,미신청,미수신,normal,용인 수지구,0,60대,33,5,84617,4,1,2,2.3,포미초대손님,매장C,정상,38,0,0
정상회원,남,51,신청,미수신,normal,용인 수지구,0,50대,1,29,807597,5,3,3,3.6,포미패밀리,매장D,정상,1,1,1
정상회원,여,49,미신청,미수신,normal,용인 수지구,0,40대,1,5,76481,5,1,2,2.6,포미프렌즈,매장C,정상,15,0,0
정상회원,여,54,미신청,미수신,normal,용인 수지구,0,50대,33,8,272231,4,1,2,2.3,포미초대손님,매장C,정상,7,1,1
정상회원,여,39,미신청,미수신,normal,광주,0,30대,167,7,140861,2,1,2,1.7,포미방문자,매장B,잠재이탈,7,1,0
정상회원,여,56,미신청,미수신,normal,용인 수지구,0,50대,46,4,114866,4,1,2,2.3,포미초대손님,매장C,정상,74,0,0
정상회원,남,51,미신청,미수신,normal,수원 장안구,0,50대,115,1,15602,2,1,1,1.3,포미방문자,매장B,정상,0,0,0
정상회원,여,42,미신청,미수신,normal,용인 수지구,0,40대,25,6,86627,4,1,2,2.3,포미초대손님,매장B,정상,19,0,0
정상회원,여,48,미신청,미수신,normal,수원 영통구,0,40대,259,1,19718,1,1,1,1,포미방문자,매장C,잠재이탈,0,0,0
정상회원,여,47,신청,미수신,normal,서울 송파구,0,40대,6,20,341751,5,2,3,3.3,포미패밀리,매장A,정상,2,1,1
정상회원,여,42,미신청,미수신,normal,용인 수지구,0,40대,42,3,40663,4,1,2,2.3,포미초대손님,매장D,정상,51,0,0
정상회원,여,78,미신청,미수신,normal,용인 수지구,0,70대,7,49,1415041,5,4,4,4.3,포미킹,매장B,정상,1,1,1
정상회원,여,54,미신청,수신,VIP,용인 수지구,0,50대,1,77,2341614,5,5,5,5,포미킹,매장C,정상,1,1,1
정상회원,여,35,미신청,미수신,normal,용인 수지구,0,30대,75,1,6892,3,1,1,1.6,포미방문자,매장B,정상,0,0,0
정상회원,여,36,미신청,미수신,normal,성남 분당구,0,30대,296,1,2872,1,1,1,1,포미방문자,매장A,잠재이탈,0,0,0
정상회원,여,40,미신청,미수신,normal,용인 수지구,0,40대,22,20,357612,4,2,3,3,포미프렌즈,매장B,정상,1,1,1
정상회원,여,63,미신청,미수신,normal,기타,0,60대,2,7,130018,5,1,2,2.6,포미프렌즈,매장C,정상,5,1,1
정상회원,여,33,미신청,미수신,normal,기타,0,30대,15,20,209840,4,1,3,2.7,포미프렌즈,매장C,정상,1,1,1
정상회원,여,56,미신청,미수신,normal,용인 수지구,0,50대,3,12,208957,5,1,2,2.6,포미초대손님,매장C,정상,3,1,1
정상회원,여,46,미신청,수신,normal,용인 수지구,0,40대,64,12,259594,3,1,2,2,포미방문자,매장A,정상,5,1,1
정상회원,여,45,미신청,미수신,normal,용인 수지구,0,40대,3,26,390702,5,2,3,3.3,포미패밀리,매장C,정상,1,1,1
정상회원,여,40,미신청,수신,normal,용인 수지구,0,40대,176,1,37905,2,1,1,1.3,포미방문자,매장B,잠재이탈,0,0,0
정상회원,여,48,미신청,미수신,normal,용인 수지구,0,40대,20,3,29290,4,1,2,2.3,포미초대손님,매장D,정상,33,0,0
정상회원,여,36,미신청,미수신,normal,용인 수지구,0,30대,217,1,15124,1,1,1,1,포미방문자,매장B,잠재이탈,0,0,0
탈퇴,여,44,미신청,미수신,normal,용인 수지구,0,40대,75,5,174844,3,1,2,2,포미초대손님,매장B,이탈,21,0,0
정상회원,여,43,미신청,미수신,normal,기타,0,40대,59,2,51306,3,1,2,2,포미초대손님,매장B,정상,98,0,0
정상회원,여,92,미신청,미수신,VIP,용인 수지구,0,90대이상,2,82,4247687,5,5,5,5,포미킹,매장D,정상,1,1,1
정상회원,여,58,미신청,미수신,normal,용인 수지구,0,50대,139,4,83073,2,1,2,1.7,포미방문자,매장C,정상,13,1,1
정상회원,여,38,미신청,미수신,normal,용인 수지구,0,30대,212,1,36375,1,1,1,1,포미방문자,매장B,잠재이탈,0,0,0
정상회원,여,43,미신청,미수신,normal,용인 수지구,0,40대,30,11,236050,4,1,2,2.3,포미초대손님,매장D,정상,4,1,1
정상회원,여,38,미신청,미수신,normal,용인 수지구,0,30대,120,1,7275,2,1,1,1.3,포미방문자,매장B,정상,0,0,0
정상회원,여,72,신청,미수신,normal,용인 수지구,0,70대,14,22,398772,5,2,3,3.3,포미패밀리,매장B,정상,2,1,1
정상회원,여,51,미신청,미수신,normal,수원 영통구,0,50대,52,3,59346,3,1,2,2,포미초대손님,매장B,정상,106,0,0
정상회원,여,51,미신청,미수신,normal,기타,0,50대,205,2,22590,1,1,2,1.4,포미방문자,매장C,잠재이탈,10,1,0
정상회원,여,46,미신청,미수신,normal,기타,0,40대,81,1,4499,3,1,1,1.6,포미방문자,매장A,정상,0,0,0
정상회원,여,77,미신청,미수신,normal,용인 수지구,0,70대,5,58,1773995,5,4,4,4.3,포미킹,매장D,정상,1,1,1
정상회원,여,47,신청,미수신,normal,용인 수지구,0,40대,15,26,878911,4,3,3,3.3,포미프렌즈,매장C,정상,1,1,1
정상회원,여,46,미신청,미수신,normal,성남 분당구,0,40대,252,1,12444,1,1,1,1,포미방문자,매장B,잠재이탈,0,0,0
정상회원,여,35,미신청,미수신,normal,용인 수지구,0,30대,28,3,51688,4,1,2,2.3,포미초대손님,매장A,정상,67,0,0
정상회원,여,74,미신청,미수신,VIP,용인 수지구,0,70대,5,60,509037,5,2,4,3.7,포미패밀리,매장C,정상,1,1,1
정상회원,여,55,미신청,미수신,normal,용인 수지구,0,50대,198,1,16847,2,1,1,1.3,포미방문자,매장B,잠재이탈,0,0,0
정상회원,여,43,미신청,미수신,normal,수원 영통구,0,40대,6,10,251169,5,1,2,2.6,포미초대손님,매장C,정상,1,1,1
정상회원,여,32,미신청,미수신,normal,기타,0,30대,116,4,14838,2,1,2,1.7,포미방문자,매장C,정상,1,1,1
정상회원,여,40,미신청,미수신,normal,용인 수지구,0,40대,26,14,228677,4,1,2,2.3,포미초대손님,매장B,정상,2,1,1
정상회원,여,52,미신청,미수신,normal,성남 분당구,0,50대,45,1,22207,4,1,1,1.9,포미방문자,매장D,정상,0,0,0
정상회원,여,45,미신청,미수신,normal,용인 수지구,0,40대,168,5,119556,2,1,2,1.7,포미방문자,매장B,잠재이탈,12,1,0
정상회원,여,44,신청,미수신,normal,용인 기흥구,1,40대,7,24,847648,5,3,3,3.6,포미패밀리,매장C,정상,1,1,1
정상회원,여,65,신청,미수신,normal,용인 수지구,0,60대,2,28,517275,5,2,3,3.3,포미프렌즈,매장C,정상,1,1,1
정상회원,여,44,미신청,미수신,normal,용인 수지구,0,40대,65,5,112279,3,1,2,2,포미초대손님,매장C,정상,18,0,0
정상회원,여,45,미신청,미수신,normal,용인 수지구,0,40대,276,1,15123,1,1,1,1,포미방문자,매장C,잠재이탈,0,0,0
정상회원,남,34,미신청,미수신,normal,용인 수지구,0,30대,6,13,176916,5,1,2,2.6,포미초대손님,매장C,정상,1,1,1
정상회원,여,49,미신청,미수신,normal,기타,0,40대,0,34,410933,5,2,3,3.3,포미패밀리,매장A,정상,1,1,1
정상회원,여,66,미신청,미수신,normal,용인 수지구,0,60대,34,8,231739,4,1,2,2.3,포미초대손님,매장D,정상,1,1,1
정상회원,여,56,미신청,미수신,normal,기타,0,50대,277,1,43649,1,1,1,1,포미방문자,매장C,잠재이탈,0,0,0
정상회원,여,63,미신청,미수신,normal,용인 수지구,0,60대,100,8,200152,3,1,2,2,포미초대손님,매장A,정상,4,1,1
정상회원,여,33,미신청,미수신,normal,용인 수지구,0,30대,155,4,62485,2,1,2,1.7,포미방문자,매장B,잠재이탈,9,1,0
정상회원,남,63,미신청,미수신,normal,수원 영통구,0,60대,15,1,31588,4,1,1,1.9,포미방문자,매장D,정상,0,0,0
정상회원,여,46,미신청,미수신,normal,용인 수지구,0,40대,49,7,266793,4,1,2,2.3,포미초대손님,매장B,정상,1,1,1
정상회원,여,50,미신청,미수신,normal,용인 수지구,0,50대,27,1,56284,4,1,1,1.9,포미방문자,매장D,정상,0,0,0
정상회원,여,53,미신청,미수신,normal,용인 수지구,0,50대,8,2,42308,5,1,2,2.6,포미프렌즈,매장C,정상,25,0,0
정상회원,여,47,신청,미수신,normal,용인 수지구,0,40대,9,22,357572,5,2,3,3.3,포미패밀리,매장B,정상,2,1,1
정상회원,여,45,미신청,미수신,normal,용인 수지구,0,40대,6,23,303339,5,2,3,3.3,포미패밀리,매장C,정상,1,1,1
정상회원,여,55,신청,미수신,normal,용인 수지구,0,50대,4,25,417149,5,2,3,3.3,포미패밀리,매장B,정상,1,1,1
정상회원,여,54,신청,미수신,normal,용인 수지구,0,50대,4,35,1286180,5,4,3,3.9,포미패밀리,매장B,정상,1,1,1
정상회원,여,33,미신청,수신,normal,용인 수지구,1,30대,2,41,829807,5,3,4,4,포미패밀리,매장C,정상,1,1,1
정상회원,여,48,미신청,미수신,normal,성남 분당구,0,40대,217,2,96486,1,1,2,1.4,포미방문자,매장B,잠재이탈,28,0,0
정상회원,여,46,미신청,미수신,normal,용인 수지구,0,40대,128,3,72940,2,1,2,1.7,포미방문자,매장C,정상,6,1,1
정상회원,여,44,미신청,미수신,normal,기타,0,40대,289,1,9189,1,1,1,1,포미방문자,매장B,잠재이탈,0,0,0
정상회원,여,48,미신청,미수신,normal,용인 수지구,0,40대,23,1,16081,4,1,1,1.9,포미방문자,매장C,정상,0,0,0
정상회원,여,33,미신청,미수신,normal,용인 수지구,0,30대,42,1,2297,4,1,1,1.9,포미방문자,매장C,정상,0,0,0
정상회원,여,47,미신청,미수신,normal,용인 수지구,0,40대,295,1,50733,1,1,1,1,포미방문자,매장B,잠재이탈,0,0,0
정상회원,여,35,미신청,미수신,normal,성남 수정구,0,30대,115,1,48818,2,1,1,1.3,포미방문자,매장C,정상,0,0,0
정상회원,여,57,신청,미수신,normal,용인 수지구,0,50대,0,18,378576,5,2,3,3.3,포미패밀리,매장A,정상,1,1,1
정상회원,여,55,미신청,미수신,normal,용인 수지구,0,50대,252,1,25270,1,1,1,1,포미방문자,매장C,잠재이탈,0,0,0
정상회원,여,79,미신청,미수신,normal,용인 수지구,0,70대,40,1,78586,4,1,1,1.9,포미방문자,매장D,정상,0,0,0
